[{"pk": 1, "model": "contenttypes.contenttype", "fields": {"model": "logentry", "name": "log entry", "app_label": "admin"}}, {"pk": 2, "model": "contenttypes.contenttype", "fields": {"model": "permission", "name": "permission", "app_label": "auth"}}, {"pk": 3, "model": "contenttypes.contenttype", "fields": {"model": "group", "name": "group", "app_label": "auth"}}, {"pk": 4, "model": "contenttypes.contenttype", "fields": {"model": "user", "name": "user", "app_label": "auth"}}, {"pk": 5, "model": "contenttypes.contenttype", "fields": {"model": "contenttype", "name": "content type", "app_label": "contenttypes"}}, {"pk": 6, "model": "contenttypes.contenttype", "fields": {"model": "session", "name": "session", "app_label": "sessions"}}, {"pk": 7, "model": "contenttypes.contenttype", "fields": {"model": "photo", "name": "photo", "app_label": "inscription"}}, {"pk": 8, "model": "contenttypes.contenttype", "fields": {"model": "area", "name": "area", "app_label": "inscription"}}, {"pk": 9, "model": "contenttypes.contenttype", "fields": {"model": "location", "name": "location", "app_label": "inscription"}}, {"pk": 10, "model": "contenttypes.contenttype", "fields": {"model": "sublocation", "name": "sub location", "app_label": "inscription"}}, {"pk": 11, "model": "contenttypes.contenttype", "fields": {"model": "inscription", "name": "inscription", "app_label": "inscription"}}, {"pk": "2kckl33e0ex40x7htm36ih9fq4oupfm1", "model": "sessions.session", "fields": {"expire_date": "2013-12-26T09:07:43.009Z", "session_data": "Y2JhYWZhZGQ2OTRjM2U5OGU5Yzk3NDJiNWE5MDJmZmIyYWY4YzRiYjp7Il9hdXRoX3VzZXJfYmFja2VuZCI6ImRqYW5nby5jb250cmliLmF1dGguYmFja2VuZHMuTW9kZWxCYWNrZW5kIiwiX2F1dGhfdXNlcl9pZCI6MX0="}}, {"pk": "8y5lzx1r9945nlzxdih0uutdo0fwjiql", "model": "sessions.session", "fields": {"expire_date": "2013-12-16T11:18:04.318Z", "session_data": "MGUzZjVkMTZlMTA5Zjc4ZDU3ZGJkZTAzMzMwYTJmOTM3M2JkMjE4Njp7Il9hdXRoX3VzZXJfYmFja2VuZCI6ImRqYW5nby5jb250cmliLmF1dGguYmFja2VuZHMuTW9kZWxCYWNrZW5kIiwiX2F1dGhfdXNlcl9pZCI6Mn0="}}, {"pk": "b4sfkv4eloebla052sn6re67527nm60u", "model": "sessions.session", "fields": {"expire_date": "2013-12-16T11:25:07.313Z", "session_data": "MGUzZjVkMTZlMTA5Zjc4ZDU3ZGJkZTAzMzMwYTJmOTM3M2JkMjE4Njp7Il9hdXRoX3VzZXJfYmFja2VuZCI6ImRqYW5nby5jb250cmliLmF1dGguYmFja2VuZHMuTW9kZWxCYWNrZW5kIiwiX2F1dGhfdXNlcl9pZCI6Mn0="}}, {"pk": "bj6uv1rk84sge4ywjijj4xn0xm1qegpq", "model": "sessions.session", "fields": {"expire_date": "2013-12-16T15:32:43.429Z", "session_data": "MGUzZjVkMTZlMTA5Zjc4ZDU3ZGJkZTAzMzMwYTJmOTM3M2JkMjE4Njp7Il9hdXRoX3VzZXJfYmFja2VuZCI6ImRqYW5nby5jb250cmliLmF1dGguYmFja2VuZHMuTW9kZWxCYWNrZW5kIiwiX2F1dGhfdXNlcl9pZCI6Mn0="}}, {"pk": "e5qkin8wydko8cvfep1iu43k6upij2or", "model": "sessions.session", "fields": {"expire_date": "2013-12-29T03:57:59.556Z", "session_data": "NGQ0OGQ2ZDc1MGMxZmQ3NTI0MzAzYjdjMzVjNjU3YzI2NmYxNzY1YTp7fQ=="}}, {"pk": "o7sy9pwhhqw63zh6dlnxildssy5qept4", "model": "sessions.session", "fields": {"expire_date": "2013-12-15T08:06:54.454Z", "session_data": "Y2JhYWZhZGQ2OTRjM2U5OGU5Yzk3NDJiNWE5MDJmZmIyYWY4YzRiYjp7Il9hdXRoX3VzZXJfYmFja2VuZCI6ImRqYW5nby5jb250cmliLmF1dGguYmFja2VuZHMuTW9kZWxCYWNrZW5kIiwiX2F1dGhfdXNlcl9pZCI6MX0="}}, {"pk": "r3k9f1oo4yt9cbnvui2099ffbp4pyz7e", "model": "sessions.session", "fields": {"expire_date": "2014-01-09T07:39:14.885Z", "session_data": "MGUzZjVkMTZlMTA5Zjc4ZDU3ZGJkZTAzMzMwYTJmOTM3M2JkMjE4Njp7Il9hdXRoX3VzZXJfYmFja2VuZCI6ImRqYW5nby5jb250cmliLmF1dGguYmFja2VuZHMuTW9kZWxCYWNrZW5kIiwiX2F1dGhfdXNlcl9pZCI6Mn0="}}, {"pk": "tvexmbx5nta9clsr1dcl9kbd61ytpnl3", "model": "sessions.session", "fields": {"expire_date": "2014-01-19T06:05:19.400Z", "session_data": "Y2JhYWZhZGQ2OTRjM2U5OGU5Yzk3NDJiNWE5MDJmZmIyYWY4YzRiYjp7Il9hdXRoX3VzZXJfYmFja2VuZCI6ImRqYW5nby5jb250cmliLmF1dGguYmFja2VuZHMuTW9kZWxCYWNrZW5kIiwiX2F1dGhfdXNlcl9pZCI6MX0="}}, {"pk": "u2j3vf0njnpu5roniapvk5aqdxyhnpwm", "model": "sessions.session", "fields": {"expire_date": "2014-01-04T13:14:19.906Z", "session_data": "Y2JhYWZhZGQ2OTRjM2U5OGU5Yzk3NDJiNWE5MDJmZmIyYWY4YzRiYjp7Il9hdXRoX3VzZXJfYmFja2VuZCI6ImRqYW5nby5jb250cmliLmF1dGguYmFja2VuZHMuTW9kZWxCYWNrZW5kIiwiX2F1dGhfdXNlcl9pZCI6MX0="}}, {"pk": "uerlun6l370k9iwtrf977hdi91wdppt6", "model": "sessions.session", "fields": {"expire_date": "2014-01-09T03:36:57.248Z", "session_data": "MGUzZjVkMTZlMTA5Zjc4ZDU3ZGJkZTAzMzMwYTJmOTM3M2JkMjE4Njp7Il9hdXRoX3VzZXJfYmFja2VuZCI6ImRqYW5nby5jb250cmliLmF1dGguYmFja2VuZHMuTW9kZWxCYWNrZW5kIiwiX2F1dGhfdXNlcl9pZCI6Mn0="}}, {"pk": 1, "model": "inscription.photo", "fields": {"image": "utils_photo/inscription-artaxerxes.jpg", "description": "noun \\in-\u02c8skrip-sh\u0259n\\. : words that are written on or cut into a surface. Full Definition of INSCRIPTION. 1. a : something that is inscribed; also : superscription.", "name": "CRBAINED ", "content_type": 10, "object_id": 3}}, {"pk": 2, "model": "inscription.photo", "fields": {"image": "utils_photo/Naram-Sin_inscription_AO6782_stitched.jpg", "description": "Offre aux \u00e9tudiants des \u00e9tablissements universitaires tunisiens de payer les frais d'inscription en ligne en utilisant le e-dinar comme moyen de paiement.", "name": "WHICH", "content_type": 10, "object_id": 3}}, {"pk": 3, "model": "inscription.photo", "fields": {"image": "utils_photo/url.jpg", "description": "El's Inscription is a guide to World of Warcraft's Inscription profession. Would you like to learn the intricacies of Inscription? Maybe just master the basics?", "name": "SMITH  ", "content_type": 10, "object_id": 3}}, {"pk": 4, "model": "inscription.photo", "fields": {"image": "utils_photo/xerxes_tablet.jpg", "description": "The Inscription House Health Center is part of the Kayenta Service Unit in the Western most part of the Navajo Nation. Inpatient needs are met by referral to the ...", "name": "ambassadors ", "content_type": 10, "object_id": 3}}, {"pk": 5, "model": "inscription.photo", "fields": {"image": "utils_photo/inscription.jpg", "description": "\u65b0\u6d6a\u5b57\u5178. \u9999\u6e2f\u9999\u6e2f. \u52a0\u95dc\u6ce8. \"Ideological\"\u7684\u89e3\u91cb\uff1a\u610f\u8b58\u5f62\u614b\u7684http://t.cn/aE4mJ5. 11\u670825\u65e510:37\u8f49\u767c(1)|\u8a55\u8ad6(1). \"Disfigure\"\u7684\u89e3\u91cb\uff1a\u640d\u50b7\u5916\u8c8c, \u4f7f\u8b8a\u919chttp://t.cn/ ...", "name": "\u5fc3\u6027\u4e0d\u751f\u4f55\u9808\u77e5\u898b ", "content_type": 10, "object_id": 3}}, {"pk": 6, "model": "inscription.photo", "fields": {"image": "utils_photo/Kartir_inscription_Naqsh-e_Rostam.jpg", "description": "\u7d42\u65bc\uff0c\u518d\u904e\u4e8c\u5929\u5c31\u662f\u6211\u85cd\u5e36\u5eda\u85dd\u5b78\u6821\u7684\u958b\u5b78\u65e5\u4e86\uff01\u53bb\u5e74\u4e5f\u5dee\u4e0d\u591a\u5c31\u662f\u5728\u9019\u500b\u6642\u5019\u5831\u540d\u85cd\u5e36\u7684\u6599\u7406\u8ab2\u7a0b\u7684\uff0c\u7b49\u4e86\u5c07\u8fd1\u4e00\u5e74\uff0c\u7d42\u65bc\u8981\u6b63\u5f0f\u958b\u59cb\u6cd5\u5f0f\u6599\u7406\u7684\u5eda\u85dd\u4e4b\u8def\u3002\u5982\u679c\u554f ...", "name": "\u5929\u7a7a\u90e8\u843d\u6240\u63d0\u4f9b", "content_type": 10, "object_id": 3}}, {"pk": 7, "model": "inscription.photo", "fields": {"image": "utils_photo/Zhou_inscription.jpg", "description": "The Dapu Inscription records the brave history of General Sheng Yurong catching Japanese pirates alive during the Wanli Years of the Ming ...", "name": "\u53f0\u5357\u935a\u5b89\u6559\u6703", "content_type": 10, "object_id": 3}}, {"pk": 8, "model": "inscription.photo", "fields": {"image": "utils_photo/sinhalese.jpg", "description": "\u539f\u520a\u65bc\u6c34\u74f6\u8a18\u4e8b2007\u5e7405\u670823\u65e5\u6700\u8fd1\u5728\u53f0\u5317\u7684\u90fd\u5e02\u5730\u666f\u8b70\u984c\uff0c\u5c31\u5c6c\u4e2d\u6b63\u7d00\u5ff5\u5802\u8207\u53f0\u7063\u6c11\u4e3b\u7d00\u5ff5\u9928\u6230\u7684\u706b\u71b1\uff0c \u7136\u800c\u4e0d\u660e\u5c31\u88e1\u7684\u4eba\u9084\u4ee5\u70ba\u662f\u5169\u68df\u5efa\u7bc9\u7269\uff01 \u6559\u80b2\u90e8\u8207\u53f0\u5317 ...", "name": "\u85e5\u91cf\u8a18\u8f09", "content_type": 10, "object_id": 3}}, {"pk": 9, "model": "inscription.photo", "fields": {"image": "utils_photo/183ef2a43fb24c25a98fc60209edb763.JPG", "description": "\u5148\u8d24\u56ed\u4e8c\u53f7\u7891", "name": "\u5148\u8d24\u56ed\u4e8c\u53f7\u7891", "content_type": 11, "object_id": 3}}, {"pk": 10, "model": "inscription.photo", "fields": {"image": "utils_photo/6b2bbe1f5e1a4e24861f379021da8f79.JPG", "description": "\u5148\u8d24\u56ed\u4e8c\u53f7\u7891", "name": "\u5148\u8d24\u56ed\u4e8c\u53f7\u7891", "content_type": 11, "object_id": 3}}, {"pk": 11, "model": "inscription.photo", "fields": {"image": "utils_photo/e5a2c8c4a61045faa11108af2256d80e.JPG", "description": "\u5148\u8d24\u56ed\u4e8c\u53f7\u7891", "name": "\u5148\u8d24\u56ed\u4e8c\u53f7\u7891", "content_type": 11, "object_id": 3}}, {"pk": 12, "model": "inscription.photo", "fields": {"image": "utils_photo/26c023238b714e198b4f2e53fa1bddd0.JPG", "description": "\u5148\u8d24\u56ed\u4e8c\u53f7\u7891", "name": "\u5148\u8d24\u56ed\u4e8c\u53f7\u7891", "content_type": 11, "object_id": 3}}, {"pk": 13, "model": "inscription.photo", "fields": {"image": "utils_photo/IMG_1993.JPG", "description": "\u5148\u8d24\u56ed\u4e8c\u53f7\u7891", "name": "\u5148\u8d24\u56ed\u4e8c\u53f7\u7891", "content_type": 11, "object_id": 3}}, {"pk": 14, "model": "inscription.photo", "fields": {"image": "utils_photo/IMG_1958.JPG", "description": "\u5148\u8d24\u56ed\u4e8c\u53f7\u7891", "name": "\u5148\u8d24\u56ed\u4e8c\u53f7\u7891", "content_type": 11, "object_id": 3}}, {"pk": 15, "model": "inscription.photo", "fields": {"image": "utils_photo/IMG_1959.JPG", "description": "\u5148\u8d24\u56ed\u4e8c\u53f7\u7891", "name": "\u5148\u8d24\u56ed\u4e8c\u53f7\u7891", "content_type": 11, "object_id": 3}}, {"pk": 16, "model": "inscription.photo", "fields": {"image": "utils_photo/IMG_1961.JPG", "description": "\u5148\u8d24\u56ed\u4e8c\u53f7\u7891", "name": "\u5148\u8d24\u56ed\u4e8c\u53f7\u7891", "content_type": 11, "object_id": 3}}, {"pk": 17, "model": "inscription.photo", "fields": {"image": "utils_photo/shantou_1234.JPG", "description": "", "name": "\u8036\u58eb\u6469\u5929\u9053\u5b66\u5802", "content_type": 11, "object_id": 14}}, {"pk": 18, "model": "inscription.photo", "fields": {"image": "utils_photo/IMG_1419.JPG", "description": "\u5148\u8d24\u56ed\u4e00\u53f7\u7891", "name": "\u5148\u8d24\u56ed\u4e00\u53f7\u7891", "content_type": 11, "object_id": 2}}, {"pk": 19, "model": "inscription.photo", "fields": {"image": "utils_photo/IMG_1430.JPG", "description": "\u7891\u9762\u5411\u4e0b\u5367\u653e\u800c\u672a\u80fd\u8bc6", "name": "\u5148\u8d24\u56ed\u5341\u4e00\u53f7\u7891", "content_type": 11, "object_id": 12}}, {"pk": 20, "model": "inscription.photo", "fields": {"image": "utils_photo/1.JPG", "description": "\u89d2\u77f3\u57fa\u7763\u6559\u5802", "name": "\u89d2\u77f3\u57fa\u7763\u6559\u5802\u5916\u666f", "content_type": 11, "object_id": 13}}, {"pk": 21, "model": "inscription.photo", "fields": {"image": "utils_photo/2.JPG", "description": "\u89d2\u77f3\u57fa\u7763\u6559\u5802", "name": "\uff0c\u5efa\u4e8e1930\u5e74\uff0c\u4ee5\u77f3\u4e3a\u5efa\u6750\u7684\u57fa\u7763\u6559\u7910\u77f3\u5802", "content_type": 11, "object_id": 13}}, {"pk": 22, "model": "inscription.photo", "fields": {"image": "utils_photo/IMG_1434.JPG", "description": "\u89d2\u77f3\u57fa\u7763\u6559\u5802", "name": "\u89d2\u77f3\u57fa\u7763\u6559\u5802", "content_type": 11, "object_id": 13}}, {"pk": 23, "model": "inscription.photo", "fields": {"image": "utils_photo/db329f2d93df4bdebed797f47665fafe.JPG", "description": "", "name": "\u8036\u58eb\u6469\u5929\u9053\u5b66\u5802", "content_type": 11, "object_id": 14}}, {"pk": 24, "model": "inscription.photo", "fields": {"image": "utils_photo/b52885cd7f994ad0922d2fc203e37e17.JPG", "description": "\u5929\u6069\u5b89\u8001\u9662\u5916\u666f", "name": "\u5929\u6069\u5b89\u8001\u9662\u5916\u666f", "content_type": 11, "object_id": 14}}, {"pk": 25, "model": "inscription.photo", "fields": {"image": "utils_photo/1162c0bde46d4c84adb7ed4e70c0ae60.jpg", "description": "Missionary grave, Shantou, China, ca. 1895(Rev George Smith's grave, Swatow. Rev George Smith was appointed as a ministerial missionary to Swatow [Shantou] in 1857 and was one of the earliest missionaries of the)", "name": "\u5148\u8d24\u56ed\u4e8c\u53f7\u7891\u8001\u7167\u7247", "content_type": 11, "object_id": 3}}, {"pk": 26, "model": "inscription.photo", "fields": {"image": "utils_photo/09fa9d8ec2e24829b9ac588ea5a68ab6.jpg", "description": "", "name": "sdfsafdsafsafsafsafsaf", "content_type": 11, "object_id": 1}}, {"pk": 27, "model": "inscription.photo", "fields": {"image": "utils_photo/93bd41c8fd654a8cb02c94bb0ec68eb0.jpg", "description": "", "name": "fsafsaf", "content_type": 11, "object_id": 1}}, {"pk": 28, "model": "inscription.photo", "fields": {"image": "utils_photo/a53afc7a1de34eea9278d92d1567b2d9.jpg", "description": "", "name": "fsafsaf", "content_type": 11, "object_id": 1}}, {"pk": 29, "model": "inscription.photo", "fields": {"image": "utils_photo/3e29ded3ce924d6faffde07b8ff198c0.JPG", "description": "\u5988\u5c7f\u8001\u5988\u5bab\u5916\u666f", "name": "\u5988\u5c7f\u8001\u5988\u5bab\u5916\u666f", "content_type": 11, "object_id": 15}}, {"pk": 30, "model": "inscription.photo", "fields": {"image": "utils_photo/82c5990efe984c2393b5525f5744988d.JPG", "description": "\u91cd\u5efa\u5988\u5c7f\u5929\u540e\u5bab\u6350\u8d44\u7891\u8bb01", "name": "\u91cd\u5efa\u5988\u5c7f\u5929\u540e\u5bab\u6350\u8d44\u7891\u8bb01", "content_type": 11, "object_id": 15}}, {"pk": 31, "model": "inscription.photo", "fields": {"image": "utils_photo/0946414237b64765af5e4d02bdac79b9.JPG", "description": "\u91cd\u5efa\u5988\u5c7f\u5929\u540e\u5bab\u6350\u8d44\u7891\u8bb01", "name": "\u91cd\u5efa\u5988\u5c7f\u5929\u540e\u5bab\u6350\u8d44\u7891\u8bb01", "content_type": 11, "object_id": 15}}, {"pk": 32, "model": "inscription.photo", "fields": {"image": "utils_photo/393b712742c548e59bb8eb008ebbf860.JPG", "description": "\u91cd\u5efa\u5988\u5c7f\u5929\u540e\u5bab\u6350\u8d44\u7891\u8bb01", "name": "\u91cd\u5efa\u5988\u5c7f\u5929\u540e\u5bab\u6350\u8d44\u7891\u8bb01", "content_type": 11, "object_id": 15}}, {"pk": 33, "model": "inscription.photo", "fields": {"image": "utils_photo/2a498ca7b96b4584b6857eefb0454e02.JPG", "description": "\u91cd\u5efa\u5988\u5c7f\u5929\u540e\u5bab\u6350\u8d44\u7891\u8bb01", "name": "\u91cd\u5efa\u5988\u5c7f\u5929\u540e\u5bab\u6350\u8d44\u7891\u8bb01", "content_type": 11, "object_id": 15}}, {"pk": 1, "model": "inscription.area", "fields": {"cover": "", "name": "\u6c55\u5934\u5e02", "description": "\u6c55\u5934\u5e02\uff08\u5b98\u65b9\u97f3\u8bd1\uff1aShantou\uff0c\u4f20\u7edf\u5916\u6587\uff1aSwatow\uff09\u4f4d\u4e8e\u5e7f\u4e1c\u7701\u4e1c\u90e8\uff0c\u4e3a\u5730\u7ea7\u5e02\uff0c\u62e5\u6709\u7279\u533a\u7acb\u6cd5\u6743\u7684\u8f83\u5927\u7684\u5e02\uff0c\u662f\u4e2d\u56fd\u7684\u7279\u5927\u57ce\u5e02\u4e4b\u4e00\uff0c\u4e2d\u56fd\u7684\u7ecf\u6d4e\u7279\u533a\u4e4b\u4e00\uff0c\u5e7f\u4e1c\u7701\u57df\u526f\u4e2d\u5fc3\u57ce\u5e02\u4e4b\u4e00\uff0c\u7ca4\u4e1c\u533a\u57df\u4e2d\u5fc3\u57ce\u5e02\uff0c\u6d77\u5ce1\u897f\u5cb8\u7ecf\u6d4e\u533a\u4e2d\u5fc3\u57ce\u5e02\uff0c\u5e7f\u4e1c\u56db\u4e2a\u8b66\u5907\u533a\u4e4b\u4e00\u3002 \u5176\u4e1c\u5317\u63a5\u6f6e\u5dde\u5e02\u7684\u9976\u5e73\u53bf\uff0c\u5317\u8fde\u6f6e\u5dde\u5e02\u7684\u6f6e\u5b89\u533a\uff0c\u897f\u90bb\u666e\u5b81\u5e02\u3001\u63ed\u9633\u5e02\u7684\u63ed\u4e1c\u533a\uff0c\u897f\u5357\u90bb\u63ed\u9633\u5e02\u7684\u60e0\u6765\u53bf\u3002\u4e1c\u5357\u6fd2\u4e34\u5357\u6d77\uff0c\u4e0e\u53f0\u6e7e\u9694\u6d77\u76f8\u671b\u3002\u5904\u97d3\u6c5f\u3001\u6995\u6c5f\u3001\u7ec3\u6c5f\u5165\u6d77\u53e3\u3002\u6c55\u5934\u5e02\u603b\u9762\u79ef2064\u5e73\u65b9\u516c\u91cc\uff0c\u4eba\u53e3484.64\u4e07\u4eba\uff0c\u6d77\u5916\u534e\u4fa8300\u591a\u4e07\uff0c\u662f\u4e2d\u56fd\u8457\u540d\u7684\u534e\u4fa8\u4e4b\u4e61\u3002\u672c\u5730\u65b9\u8a00\u4e3a\u6f6e\u6c55\u8bdd\uff0c\u901a\u884c\u666e\u901a\u8bdd\u3002"}}, {"pk": 2, "model": "inscription.area", "fields": {"cover": "inscription_area_cover/xinsrc_400203140819781263403.jpg", "name": "\u7910\u77f3", "description": "\u7910\u77f3(Qu\u00e8sh\u00ed)\u8857\u9053\u4f4d\u4e8e\u6c55\u5934\u5e02\u6fe0\u6c5f\u533a\u897f\u5317\u90e8\uff0c\u4e1c\u8fde\u6fe0\u57ce\uff0c\u5357\u9762\u6fe0\u6c5f\uff0c\u5317\u4e34\u6c55\u5934\u6e2f\uff0c\u533a\u57df\u9762\u79ef35.9\u5e73\u65b9\u516c\u91cc\uff0c\u6c14\u5019\u6e29\u548c\uff0c\u56db\u5b63\u5982\u6625\u3002\u7ba1\u8f96\u73e0\u6d66\u3001\u845b\u9648\u3001\u845b\u6731\u3001\u8302\u5357\u3001\u8302\u5317\u3001\u5934\u6751\u3001\u4e2d\u6751\u3001\u5c3e\u6751\u3001\u7910\u77f3\u3001\u7ea2\u5149\u3001\u7ea2\u65d7\u3001\u7ea2\u661f\u3001\u78ca\u53e3\u3001\u68c9\u82b1\u3001\u677e\u5c71\u3001\u6fb3\u5934\u300116\u4e2a\u793e\u533a\u5c45\u59d4\u4f1a\uff0c\u603b\u4eba\u53e351000\u591a\u4eba\u3002\u6c11\u98ce\u6df3\u6734\uff0c\u5c71\u5ddd\u6bd3\u79c0\u3002"}}, {"pk": 3, "model": "inscription.area", "fields": {"cover": "inscription_area_cover/a7946dc9cba74a319b9999988fa3a5b8.JPG", "name": "\u5988\u5c7f\u5c9b", "description": "\u5988\u5c7f\u5c9b\u4f4d\u4e8e\u6c55\u5934\u6e2f\u51fa\u6d77\u53e3\u5904\uff0c\u8ddd\u5e02\u533a6.75\u516c\u91cc\uff0c\u9762\u79ef\u7ea61\u5e73\u65b9\u516c\u91cc\uff0c\u662f\u6c55\u5934\u6e2f\u7684\u95e8\u6237\u3002\u5357\u9762\u4e3a\u7fa4\u5c71\u8d77\u4f0f\u7684\u5e7f\u6fb3\uff0c\u5317\u9762\u662f\u5c42\u697c\u9ad8\u8038\u7684\u9f99\u6e56\u5de5\u4e1a\u533a\uff0c\u4e1c\u5317\u9762\u51fa\u97e9\u6c5f\uff0c\u6b63\u897f\u9762\u5165\u6995\u6c5f\uff0c\u5343\u5c71\u767e\u666f\uff0c\u5747\u62e5\u5165\u6000\u3002\u5c9b\u7684\u5357\u5317\u4e24\u9762\u5206\u522b\u6709\u89c2\u6d77\u4ead\u3001\u89c2\u98ce\u4ead\uff0c\u4e2d\u95f4\u4e00\u7247\u5e73\u5766\u6c99\u6ee9\uff0c\u6c99\u8f6f\u6c34\u6e05\uff0c\u4e3a\u4e00\u5929\u7136\u6d77\u6ee8\u6d74\u573a\u3002"}}, {"pk": 4, "model": "inscription.area", "fields": {"cover": "inscription_area_cover/01.JPG", "name": "\u5c0f\u516c\u56ed", "description": "\u6c55\u5934\u5e02\u5c0f\u516c\u56ed\u662f\u6c55\u5934\u8001\u5e02\u533a\u7684\u4e2d\u5fc3\uff0c\u5468\u8fb9\u7684\u5b89\u5e73\u8def\u3001\u5347\u5e73\u8def\u3001\u56fd\u5e73\u8def\u7b49\u9a91\u697c\u548c\u8857\u8def\u5448\u6247\u5f62\u653e\u5c04\u72b6\u5206\u5e03\uff0c\u52a0\u4e0a\u4e24\u4fa7\u7684\u65e7\u8857\u574a\u201c\u56db\u6c38\u4e00\u5347\u5e73\u201d\uff0c\u4e1c\u90e8\u7684\u65e7\u201c\u76d0\u57d5\u5934\u201d\u3001\u5317\u9762\u7684\u7ea2\u4ead\u3001\u5357\u9762\u7684\u201c\u6c55\u5934\u6e2f\u201d\uff0c\u5f62\u6210\u4e86\u5177\u670920\u4e16\u7eaa30\u5e74\u4ee3\u5efa\u7b51 \u7279\u8272\u7684\u7e41\u534e\u5546\u4e1a\u533a\u3001\u5c45\u6c11\u533a\u3002\u533a\u5185\u7684\u767e\u8d27\u5927\u697c\u9ad87\u5c42\uff0c\u524d\u8eab\u662f1932\u5e74\u534e\u4fa8\u96c6\u56e2\u96c6\u8d44\u521b\u529e\u7684\u201c\u5357\u751f\u516c\u53f8\u201d\uff0c\u8fd9\u662f\u8001\u6c55\u5934\u7684\u6807\u5fd7\u6027\u5efa\u7b51\u53ca\u5c0f\u516c\u56ed\u7684\u8c61\u5f81\u4e4b\u4e00\u3002"}}, {"pk": 5, "model": "inscription.area", "fields": {"cover": "inscription_area_cover/2009110909500532400.jpg", "name": "\u4e2d\u5c71\u516c\u56ed", "description": "\u5e7f\u4e1c\u7701\u6c55\u5934\u5e02\u4e2d\u5c71\u516c\u56ed\u4e8e\u6c11\u56fd15\u5e74\uff081926\u5e74\uff09\u5728\u6c55\u5934\u5e02\u5960\u57fa\u5174\u5efa\uff0c\u4e24\u5e74\u540e\uff08\u53731928\u5e74\uff098\u670828\u65e5\u5efa\u6210\u5f00\u653e\uff0c\u4f4d\u4e8e\u5e02\u533a\u6708\u7709\u6cb3\u7554\uff0c\u662f\u6c55\u5934\u5e02\u65b0\u516b\u666f\u4e4b\u4e00\u201c\u6708\u82d1\u83ba\u58f0\u201d\u3002\u8be5\u4e2d\u5c71\u516c\u56ed\u603b\u9762\u79ef20.18\u516c\u9877\uff0c\u5176\u4e2d\u5305\u542b\u7389\u9274\u6e56\u7684\u9762\u79ef\u8fbe3.6\u516c\u9877\u3002\u516c\u56ed\u56db\u9762\u73af\u6c34\uff0c\u5176\u4e2d\u6c55\u5934\u7684\u4e3b\u8981\u6cb3\u6d41\u97e9\u6c5f\u5728\u516c\u56ed\u5317\u9762\uff0c\u5176\u4ed6\u4e09\u8fb9\u662f\u4eba\u5de5\u6cb3\u9053\uff0c\u516c\u56ed\u4ee53\u5ea7\u6865\u6881\u548c\u6c55\u5934\u5e02\u533a\u8fde\u63a5\u3002"}}, {"pk": 1, "model": "inscription.location", "fields": {"description": "123", "area": 5, "address": "\u4e2d\u56fd\u5e7f\u4e1c\u7701\u6c55\u5934\u5e02\u91d1\u5e73\u533a\u8dc3\u8fdb\u8def33\u53f7 \u90ae\u653f\u7f16\u7801: 515031", "longitude": 116.686132, "in_geom": "POINT (116.6861320000000006 23.3530699999999989)", "latitude": 23.35307, "name": "123"}}, {"pk": 2, "model": "inscription.location", "fields": {"description": "\u7910\u77f3\u57fa\u7763\u6559\u5802\uff0c\u73b0\u5168\u79f0\u4e3a\u6c55\u5934\u5e02\u57fa\u7763\u6559\u4f1a\u7910\u77f3\u5802\uff0c\u4f4d\u4e8e\u6c55\u5934\u5e02\u6fe0\u6c5f\u533a\u7910\u77f3\u8857\u9053\u5c0f\u7910\u77f3\u897f33\u53f7\u3002\u73b0\u5b58\u65e7\u7891\u5893\u94ed\u5341\u4e00\u901a\uff0c\u6559\u5802\u5efa\u5802\u57fa\u77f3\u7891\u94ed\u4e00\u901a\uff0c\u53e6\u6709\u5929\u6069\u5b89\u8001\u9662\u5185\u77f3\u533e\u4e00\u901a\u3002", "area": 2, "address": "\u4e2d\u56fd\u5e7f\u4e1c\u7701\u6c55\u5934\u5e02\u6fe0\u6c5f\u533a\u7910\u77f3\u8857\u9053\u5c0f\u7910\u77f3\u897f33\u53f7", "longitude": 116.682513, "in_geom": "POINT (116.6825130000000001 23.3371250000000003)", "latitude": 23.337125, "name": "\u7910\u77f3\u57fa\u7763\u6559\u5802"}}, {"pk": 3, "model": "inscription.location", "fields": {"description": "", "area": 4, "address": "\u4e2d\u56fd\u5e7f\u4e1c\u7701\u6c55\u5934\u5e02\u9f99\u6e56\u533a\u7ec3\u6c5f\u8def14\u53f7 \u90ae\u653f\u7f16\u7801: 515041", "longitude": 116.720293, "in_geom": "POINT (116.7202929999999981 23.3778739999999985)", "latitude": 23.377874, "name": "2"}}, {"pk": 4, "model": "inscription.location", "fields": {"description": "", "area": 3, "address": "\u4e2d\u56fd\u5e7f\u4e1c\u7701\u6c55\u5934\u5e02\u9f99\u6e56\u533aG15\u6c88\u6d77\u9ad8\u901f\u5165\u53e3 G15, \u4e2d\u5c71\u4e1c\u8def", "longitude": 116.751213, "in_geom": "POINT (116.7512130000000070 23.3364620000000009)", "latitude": 23.336462, "name": "\u5988\u5c7f\u5988\u5bab"}}, {"pk": 1, "model": "inscription.sublocation", "fields": {"location": 1, "name": "456", "description": "sdfasfdsafsfdsda"}}, {"pk": 2, "model": "inscription.sublocation", "fields": {"location": 2, "name": "\u5148\u8d24\u56ed", "description": "\u5148\u8d24\u56ed\u4f4d\u4e8e\u7910\u77f3\u57fa\u7763\u6559\u5802\u5916\u57d5\u5de6\u4fa7\uff0c\u56ed\u5185\u7891\u94ed\u539f\u4f4d\u4e8e\u7910\u77f3\u6d2a\u539d\u8857\u5c3e\u7684\u201c\u756a\u4ed4\u575f\u201d\uff0c\u8be5\u5904\u5728\u6587\u9769\u4e2d\u88ab\u5e73\u6574\uff0c\u5893\u7891\u7528\u4f5c\u57fa\u5efa\uff0c\u73b0\u5b58\u5893\u7891\u7531\u6559\u4f1a\u6536\u96c6\uff0c\u5efa\u5148\u8d24\u56ed\u5b89\u653e\u3002"}}, {"pk": 3, "model": "inscription.sublocation", "fields": {"location": 2, "name": "\u6559\u5802\u5efa\u5802\u57fa\u77f3\u7891\u94ed", "description": "\u7910\u77f3\u57fa\u7763\u6559\u5802\u4e3b\u4f53\u56db\u5468\u57fa\u5ea7\u53ca\u5899\u4f53\u4ee5\u82b1\u5c97\u5ca9\u77f3\u780c\u7b51\u800c\u6210\uff0c\u6b64\u5904\u7891\u94ed\u4f4d\u4e8e\u6b63\u9762\u53f3\u4fa7\u5916\u5899\u89d2\u3002"}}, {"pk": 4, "model": "inscription.sublocation", "fields": {"location": 2, "name": "\u7910\u77f3\u5802\u6559\u5802\u5929\u6069\u5b89\u8001\u9662", "description": "\u7910\u77f3\u57fa\u7763\u6559\u5802\u5929\u6069\u5b89\u8001\u9662\u539f\u5740\u4e3a\u8036\u58eb\u6469\u5929\u9053\u5b66\u5802\uff0c1997\u5e74\u91cd\u5efa\u4e3a\u5929\u6069\u5b89\u8001\u9662\uff0c\u5b66\u5802\u539f\u77f3\u533e\u73b0\u4f4d\u4e8e\u5b89\u8001\u9662\u697c\u4e0b\u5385\u5185\u3002"}}, {"pk": 5, "model": "inscription.sublocation", "fields": {"location": 4, "name": "\u5988\u5c7f\u5988\u5bab", "description": ""}}, {"pk": 1, "model": "inscription.inscription", "fields": {"location": 1, "name": "123", "description": "sdfsafdsafsafsafsafsaf"}}, {"pk": 2, "model": "inscription.inscription", "fields": {"location": 2, "name": "\u5148\u8d24\u56ed\u4e00\u53f7\u7891", "description": "\u7891\u8fde\u5ea7\u9ad8110cm\uff0c\u7891\u5ea7\u9ad833cm\uff0c\u5ea7\u5bbd63cm\u89c1\u65b9\uff0c\u7891\u9ad877cm\uff0c\u4e3a\u68af\u5f62\u72b6\uff0c\u7891\u4e0b\u65b958cm\u89c1\u65b9\uff0c\u7891\u4e0a\u65b949cm\u89c1\u65b9\u3002\r\n\u6b63\u9762\uff1a\r\nTHIS STONE\r\nERECTED BY HIS FRIENDS\r\n\u80cc\u9762\uff1a\r\nIN  MEMORY\r\nOF\r\nIE CROWELL\r\nDIED\r\nJULY 9'TH 1883\r\nBORN\r\nYARVOUTH  MASS\r\nU.S.A"}}, {"pk": 3, "model": "inscription.inscription", "fields": {"location": 2, "name": "\u5148\u8d24\u56ed\u4e8c\u53f7\u7891", "description": "\u7891\u8fde\u5ea7\u9ad8170cm\uff0c\u7891\u5ea7\u9ad832cm\uff0c\u5ea7\u5bbd65cm\u89c1\u65b9\uff0c\u9876\u9ad838cm\u89c1\u65b9\uff0c\u9876\u5bbd58cm\u89c1\u65b9\uff0c\u7891\u9ad8100cm\uff0c\u4e3a\u957f\u65b9\u4f53\u7acb\u72b6\uff0c43cm\u89c1\u65b9\u3002\r\n\u6b63\u9762\uff1a\r\nREV  CEORCE  SMITH  MA\r\nMISSIONARY  OF  THE  E.P. CHURCH\r\nBORN  AT  AHOYNE \r\n25TH MARCH 1883\r\nCRBAINED 1857.\r\n\u25a1\u25a1\u25a1\u25a1A\u25a1\u25a1 PIONEER  OF  THE\r\nSV\u25a1\u25a1\u25a1\u25a1 M\u25a1\u25a1ION , IN  WHICH\r\nNE\u25a1\u25a1\u25a1\u25a1\u25a1URED  34  YEARS.\r\nIS  W\u25a1\u25a1K  WAS  OWNED\r\n\u25a1\u25a1\u25a1 BLESSED  OF  GOD ,\r\nW\u25a1\u25a1\u25a1 D\u25a1\u25a1\u25a1\u25a1 HIM HOME,\r\n13TH  FEBY  1891\r\n\r\nWe are ambassadors for \r\nChrist-we pray you in christ's \r\n\"t\u25a1\u25a1\u25a1d, be ye reconciled to god.\"\r\n\"Godhath made him to be\r\nsin for us, who know no sin,\r\nThat  we might be made the \r\nright\u25a1\u25a1\u25a1sness of God in him\"\r\nBy grass are ye saved through \r\nfaith.\"\r\n\"To him that \u25a1\u25a1\u25a1d us,and wasked.\r\nus from our sins in his own\r\nblood,to him be gdo\u25a1y and\r\nDo minion,for ever and ever,\r\nAmen.\"   \r\n\u53f3\u4fa7\u9762\uff1a\r\n\u65bd\u516c\u8bb3\u9976\u7406\u8005\u751f\u4e8e\r\n\u8036\u7a23\u4e00\u5343\u516b\u767e\u4e09\u5341\u4e09\u5e74\u5176\u4e8c\u5341\u4e94\u5c81\r\n\u65f6\u81ba\u7267\u5e08\u804c\u7531\u82f1\u6765\u534e\u9a7b\u25a1\u6f84\u9091\r\n\u4e4b\u6c55\u6c5f\u5468\u6e38\u7ca4\u4e1c\u4e4b\u6f6e\u60e0\u521b\u5efa\u4f1a\r\n\u5802\u5ba3\u4f20\u6551\u4e3b\u62db\u5f92\u751a\u591a\u800c\u7ec8\u4e8e\r\n\u8036\u7a23\u4e00\u5343\u516b\u767e\u4e5d\u5341\u4e00\u5e74\u4eab\u5bff\u4e94\u5341\u4e5d\r\n\u5c81\u4e3a\u5893\u7891\u4ee5\u5fd7\u6897\u6982\r\n\r\n\u80cc\u9762\u53ca\u5de6\u4fa7\u9762\u94ed\u6587\u5747\u88ab\u94f2\u53bb\uff0c\u65e0\u6cd5\u8bc6\u8ba4\u3002"}}, {"pk": 4, "model": "inscription.inscription", "fields": {"location": 2, "name": "\u5148\u8d24\u56ed\u4e09\u53f7\u7891", "description": "\u7891\u9ad888cm\uff0c\u5bbd51cm\u89c1\u65b9\uff0c\u7891\u4f53\u4e0a\u65b9\u4ef0\u5929\u7891\u9762\u5448\u659c\u72b6\uff0c\u957f53cm\uff0c\u5bbd51cm\u3002\r\n\u7891\u4f53\u4ef0\u5929\u7891\u6587\uff1a\r\nREV.W.H.S\u25a1\u25a1\u25a1T.\r\n1850\u20141894\r\n\u25a1\u25a1\u25a1\u25a1\u25a1\u25a1\u25a1\u25a1\u25a1\r\nBA\u25a1\u25a1\u25a1\u25a1T  \u25a1\u25a1\u25a1\u25a1\u25a1\u25a1\u25a1\u25a1\u25a1L\r\n\u7891\u4f53\u6b63\u9762\uff1a\r\nC\u25a1\u25a1\u25a1\u25a1IS\u25a1T\r\nSIWILL  BE \u25a1\u25a1\u25a1\u25a1\u25a1\u25a1\u25a1\u25a1\u25a1\r\nIN MY BODY,\r\nW  E\u25a1\u25a1F\u25a1B  BY  \u25a1\u25a1\u25a1\u25a1,\r\nOR  BY  BEATH"}}, {"pk": 5, "model": "inscription.inscription", "fields": {"location": 2, "name": "\u5148\u8d24\u56ed\u56db\u53f7\u7891", "description": "\u7891\u8fde\u5ea7\u9ad854cm\uff0c\u7891\u5ea7\u9ad822cm\uff0c\u5ea7\u957f198cm\uff0c\u5bbd76cm\uff0c\u7891\u4f53\u4e0a\u90e8\u4e3a\u9525\u72b6\uff0c\u4e0b\u90e8\u4e3a\u957f\u65b9\u4f53\uff0c\u5e95\u957f176cm\uff0c\u5bbd60cm\u3002\r\n\u7891\u4f53\u9525\u9762\u6b63\u9762\uff1a\r\nIN  LOVING  MEMORY  OF\r\nHUR  LINERT  AS  MACHENEIE, M.A\uff0cD.D.,\r\nBORN  AT  INVERNESS, 22TH  FEBRUARY  1833\r\nCRBAIMED IN  LONDOM  AS  A  MISSCONARY  TO  CHINA, 16TH JANUARY,1\u25a1\u25a1\u25a1\uff0c\r\nHE  LABOURED  IN  THE  CSSPEL  \u25a1\u25a1  THIS  DISTRICT  FOR  FORTY  YEARS\r\nMODERTOR  OF  SYNOD  OF  PREOBYTERIAN  \u25a1  \u25a1\u25a1URCH  OF  ENGLANG IN  S\u25a1\u25a1BEALAND  1897\r\nDIED IN  SWATOW  26TH  DECEMBER  1899 \r\n\u7891\u4f53\u4e0b\u90e8\u6b63\u9762\uff1a\r\nAND  OF  MARY  BAILLIE, HIS WIFE\r\nA  LIKEMINDRD. FELLDW, LABOURER IN  THE  GOSPEL\r\nBORN  AT  INVERNESS,12TH  MARCH 1841,DIED IN  EDIN\u25a1URCH 9TH JANUARY 1897.\r\n\u7891\u5ea7\u6b63\u9762\uff1a\r\nTHIS  STONE  HAS  BEEM  \u25a1\u25a1\u25a1\u25a1\u25a1\u25a1\u25a1 BY \u25a1\u25a1S  FAMILY  AND,\u25a1\u25a1\u25a1 C\u25a1\u25a1L\u25a1\u25a1\u25a1\u25a1\u25a1\u25a1  OF  THE  \u25a1\u25a1\u25a1\u25a1\u25a1\u25a1.\r\nIN CRAT\u25a1\u25a1UL  REMEMBRAMSE.\r\n\r\n\u7891\u4f53\u9525\u9762\u80cc\u9762\uff1a\r\n\r\n\u91d1\u7267\u5e08\u8bb3\u62a4\u5c14\r\n\u82f1\u56fd\u82cf\u9769\u5170\u9053 \r\n\u5b66\u8fdb\u58eb\u4e5f\u751f\u4e8e\r\n\u4e00\u5343\u516b\u767e\u4e09\u5341\r\n\u4e09\u5e74\u81f3\u5eff\u4e03\u5c81\r\n\u7acb\u4e3a\u7267\u5e08\u5949\u6d3e\r\n\u6765\u6f6e\u5ba3\u4f20\u6551\u4e3b\r\n\u4e8e\u4e00\u5343\u516b\u767e\u4e5d\r\n\u5341\u4e03\u5e74\u66fe\u5728\u82f1\r\n\u5170\u8499\u4e3e\u4e3a\u957f\u8001\r\n\u603b\u4f1a\u4f1a\u6b63\u81f3\u4e00\r\n\u5343\u516b\u767e\u4e5d\u5341\u4e5d\r\n\u5e74\u5341\u4e8c\u6708\u5eff\u516d\r\n\u65e5\u5728\u6c55\u5934\u5b89\u7761\r\n\u9a7b\u6f6e\u5dde\u56db\u5341\u5e74\r\n\u4eab\u5bff\u516d\u5341\u6709\u516d\r\n\r\n\r\n\u7891\u4f53\u5e95\u5ea7\u80cc\u9762\uff1a\r\n\u91d1\u7267\u5e08\u5a18\r\n\u8bb3\u739b\u5229\u4e9a\r\n\u4ea6\u82f1\u56fd\u82cf\r\n\u9769\u5170\u4eba\u4e5f\r\n\u751f\u4e8e\u4e00\u5343\r\n\u516b\u767e\u56db\u5341\r\n\u4e00\u5e74\u66fe\u4e0e\r\n\u7267\u5e08\u540c\u5fc3\r\n\u6765\u6f6e\u5dde\u6559\r\n\u25a1\u5987\u5b7a\u81f3\r\n\u25a1\u5343\u516b\u767e\r\n\u25a1\u5341\u4e03\u5e74\r\n\u25a1\u82cf\u9769\u5170\r\n\u25a1\u7761\u4eab\u5bff\r\n\u25a1\u5341\u6709\u516d\r\n\u7737\u5c5e\r\n\u66a8\r\n\u540c\u52b3\r\n\u8005\r\n\u7acb\u7891\r\n\u6c38\u5fd7\r\n\r\n\u5de6\u4fa7\u9525\u9762\uff1a\r\nLOVE IS OF GOD \r\n\u53f3\u4fa7\u9525\u9762\uff1a\r\n\u7231\u4e43\u7531\u4e0a\u5e1d\u4e5f"}}, {"pk": 6, "model": "inscription.inscription", "fields": {"location": 2, "name": "\u5148\u8d24\u56ed\u4e94\u53f7\u7891", "description": "\u7891\u4f53\u4e0a\u65b9\u4ef0\u5929\u7891\u9762\u5448\u6ce2\u6d6a\u72b6\uff0c\u7891\u9ad835cm\uff0c\u5bbd61cm\uff0c\u957f68cm\u3002\r\nIN  LOVING  MEMORY\r\nOF\r\nMY  DEAR  HUSBANB\r\nISAAC  ROBERTS\r\nBORN  IN GLASGOW\r\nAPRIL  27TH  1856\r\nBIED  OCTOBER  15TH  1922\r\n\r\n\"FATHER IN THY GRACIOUS KEEPING\r\nLEAVE I NOW MY LOVED ONE SLEEPING\""}}, {"pk": 7, "model": "inscription.inscription", "fields": {"location": 2, "name": "\u5148\u8d24\u56ed\u516d\u53f7\u7891", "description": "\u7891\u4f53\u5448\u5782\u76f4\u6ce2\u6d6a\u72b6\uff0c\u7891\u4f53\u8fde\u5ea7\u9ad892cm\uff0c\u7891\u9ad864cm\uff0c\u7891\u9762\u5bbd32cm\uff0c\u5ea7\u5bbd56cm\u89c1\u65b9\u3002\r\n\u7891\u4f53\u6b63\u9762\uff1a\r\nHier  rulien  in  Friedzn\r\nunsere  \u25a1ic\u25a1zn  Zwillingskinder\r\nkail\u25a1\u25a1s  August  kreizscnmar\r\nAller  S  monale\r\nLasset  die  kindlein zn  mir  kommrnd.\r\n\u7891\u5ea7\u6b63\u9762\uff1a\r\nTHIS  STONE  HAS  BEEN  ERECTED\r\nAS  A  MADK  OF  ESTEEM  BY \r\nCAPTAIN  BALBERNIE'S  FRIENDS  IN  CHINA\r\n\u7891\u5ea7\u80cc\u9762\u5de6\u4e0a\u89d2\uff1a\r\nBROWN, JONES  &  CO..\r\nHONGKONG."}}, {"pk": 8, "model": "inscription.inscription", "fields": {"location": 2, "name": "\u5148\u8d24\u56ed\u4e03\u53f7\u7891", "description": "\u7891\u4f53\u5448\u5782\u76f4\u6ce2\u6d6a\u72b6\uff0c\u7891\u4f53\u8fde\u5ea7\u9ad860cm\uff0c\u7891\u9ad838cm\uff0c\u7891\u9762\u5bbd30cm\uff0c\u5ea7\u5bbd\u957f46cm\uff0c\u5bbd31cm\u3002\r\nIN  MEMORY\r\nOF\r\nRICHARD  THOMPSUN\r\nBORN SEPT 5 1903\r\nDIED APRIL 30 1904"}}, {"pk": 9, "model": "inscription.inscription", "fields": {"location": 2, "name": "\u5148\u8d24\u56ed\u516b\u53f7\u7891", "description": "\u7891\u5ea7\u957f90cm\uff0c\u5bbd49cm\uff0c\u9ad824cm\uff0c\u7891\u9762\u5bbd54cm\uff0c\u9ad8100cm\uff0c\u7891\u9762\u6811\u4e8e\u7891\u5ea7\u540e\uff0c\u4e0b\u90e8\u5206\u7891\u6587\u88ab\u7891\u5ea7\u963b\u6321\uff0c\u65e0\u6cd5\u8bc6\u8bfb\u3002\r\nEN  MEMORY  OF \r\nE  JERVIS\r\nI  M  CUSTOMS"}}, {"pk": 10, "model": "inscription.inscription", "fields": {"location": 2, "name": "\u5148\u8d24\u56ed\u4e5d\u53f7\u7891", "description": "\u7891\u9762\u5bbd59cm\uff0c\u9ad8140cm\u3002\r\nHELEN  CAROLINE\r\nDAUCHTER OF\r\nWILLIAM  HENRY\r\n&\r\nOAROLINE  DEDDER\r\nOF AMOY\r\nBorn  27  January  1863\r\nDied  22  July  1865\r\n"}}, {"pk": 11, "model": "inscription.inscription", "fields": {"location": 2, "name": "\u5148\u8d24\u56ed\u5341\u53f7\u7891", "description": "\u6b8b\u5b58\u7891\u5ea7\uff0c\u5ea7\u957f60cm\uff0c\u5bbd26cm\uff0c\u9ad816cm\u3002\r\nERECTED  BY  A  FEW  OF  HIS  FRIENDS"}}, {"pk": 12, "model": "inscription.inscription", "fields": {"location": 2, "name": "\u5148\u8d24\u56ed\u5341\u4e00\u53f7\u7891", "description": "\u7891\u9762\u5411\u4e0b\u5367\u653e\u800c\u672a\u80fd\u8bc6\uff0c\u7891\u4fa7\u94ed\u6587\u5982\u4e0b\uff1a\r\n\u751f\u4e8e\u4e00\u4e5d\u4e00\u4e00\u5e74\u4e00\u6708\u5341\u4e94\u65e5\r\n\u7ec8\u4e8e   \u5e74   \u6708    \u65e5"}}, {"pk": 13, "model": "inscription.inscription", "fields": {"location": 3, "name": "\u6559\u5802\u5916\u5899\u53f3\u4fa7\u5efa\u5802\u7891\u6587", "description": "\u6b63\u9762\u77f3\u5bbd92cm\uff0c\u9ad830cm\uff0c\u5b57\u5f848cm\u3002\r\n\u4e2d\u534e\u6c11\u56fd\u5341\u4e5d\u5e74\u5efa\r\n\u540c\u77f3\u53f3\u9762\u5bbd34cm\uff0c\u9ad830cm\uff0c\u5b57\u5f8416\u00d78cm\r\n1930"}}, {"pk": 14, "model": "inscription.inscription", "fields": {"location": 4, "name": "\u77f3\u533e", "description": "\u8036\u7a23\u5343\u4e5d\u96f6\u4e03\u5e74\r\n\u8036\u58eb\u6469\u5929\u9053\u5b66\u5802\r\n\u5149\u7eea\u4e09\u5341\u4e09\u5e74\u7acb"}}, {"pk": 15, "model": "inscription.inscription", "fields": {"location": 5, "name": "\u5988\u5c7f\u5988\u5bab\u7891\u65871", "description": "\u91cd\u5efa\u5988\u5c7f\u5929\u540e\u5bab\u6350\u8d44\u7891\u8bb0\uff081859\uff09 \r\n\u7891\u6709\u8bb0\uff0c\u6240\u4ee5\u7eaa\u5b9e\u529f\u5fb7\u3002\u662f\u5df2\u8a00\u5927\u800c\u5938\u65e0\u5f53\u4e5f\u3002\u53e4\u79f0\u592a\u4e0a\u7acb\u5fb7\uff0c\u5176\u6b21\u7acb\u529f\u3001\u7acb\u8a00\u3002\u6216\u8005\u8c13\u76db\u5fb7\u4e30\u529f\uff0c\u5b9c\u8db3\u5e76\u5782\u4e0d\u673d\uff0c\u4f3c\u975e\u7a7a\u8a00\u65e0\u8865\u53ef\u540c\u3002\u4e0d\u77e5\u97e9\u9675\u7247\u77f3\u72ec\u91cd\u5343\u79cb\uff0c\u7687\u752b\u4e09\u7f23\u4e0d\u8f7b\u4e00\u5b57\uff0c\u6b32\u4ee5\u8868\u626c\u529f\u5fb7\uff0c\u662d\u793a\u6765\u5179\uff0c\u7acb\u8a00\u56fa\u672a\u6613\uff0c\u975e\u8a00\u65e0\u7533\u5f81\u4e5f\u3002\u6d2a\u60df\u5929\u540e\u5723\u6bcd\uff0c\u8457\u8ff9\u6e44\u6d32\uff0c\u8000\u7075\u701b\u6d77\u3002\u8912\u5c01\u5d07\u5386\u4ee3\uff0c\u5e99\u7940\u904d\u5bf0\u533a\u3002\u5176\u529f\u5fb7\u4e4b\u53ca\u4eba\uff0c\u5df2\u81ea\u6614\u4e3a\u662d\u77e3\u3002\u5988\u5c7f\u4e3a\u653e\u9e21\u5c71\u6c5b\u9632\uff0c\u5143\u65f6\u66fe\u5efa\u5e99\u4e8e\u6797\u9e93\uff0c\u867d\u8352\u51c9\u5b64\u5c9b\uff0c\u5be5\u9694\u4eba\u70df\uff0c\u800c\u6bcf\u5c81\u4e2d\u5e74\u8282\uff0c\u8fdc\u65b9\u62dc\u7977\u8005\uff0c\u54b8\u4e70\u68f9\u643a\u5bb6\u800c\u81f3\uff0c\u7edc\u7ece\u5ba3\u9617\uff0c\u6709\u5982\u5f52\u5e02\u3002\u5e73\u65f6\u821f\u696b\u7ecf\u8fc7\uff0c\u767b\u5c71\u77bb\u8c12\u8005\u65e0\u8bba\u5df2\u662f\u3002\u5c82\u4eba\u4e4b\u597d\u5947\u63a2\u80dc\uff0c\u6d89\u9669\u5982\u5937\u54c9\uff01\u8bda\u4ee5\u795e\u4e4b\u4e3a\u5fb7\uff0c\u611f\u800c\u9042\u901a\uff0c\u663e\u8d6b\u500d\u6052\uff0c\u54cd\u5e94\u72ec\u6377\uff0c\u5f80\u5f80\u4e8e\u4e07\u91cc\u91cd\u6d0b\u4e4b\u5916\uff0c\u5b58\u4ea1\u547c\u5438\u4e4b\u4e2d\uff0c\u5bfb\u58f0\u6551\u62a4\uff0c\u6d6a\u606f\u98ce\u56de\uff0c\u5176\u4e3a\u25a1\u25a1\uff0c\u82e5\u662f\u4e4b\u795e\u4e14\u901f\u4e5f\u3002\u620a\u5348\u6625\uff0c\u5404\u7701\u884c\u8d38\u6613\u4e8e\u65af\uff0c\u5f00\u8f9f\u8857\u8862\uff0c\u5c45\u7136\u961b\u9613\u3002\u76ee\u51fb\u680b\u5b87\u503e\u9893\uff0c\u4e39\u9752\u9eef\u6de1\uff0c\u4e0e\u57e0\u4f17\u8c0b\u66f4\u65b0\u4e4b\uff0c\u4fe1\u5584\u529f\u8e0a\u8dc3\uff0c\u4e0d\u5d07\u671d\u800c\u7b7e\u9898\u6570\u5343\u91d1\u3002\u9e20\u5de5\u535c\u5409\uff0c\u8ba1\u65e5\u544a\u6210\u3002\u56e0\u601d\u81f3\u4e0d\u4e00\u8005\u4eba\u5fc3\u800c\u4e0d\u80fd\u820d\uff0c\u820d\u8005\u5219\u4eba\u5982\u4e00\u5fc3\uff0c\u5179\u4f55\u4ee5\u6177\u6168\u4e50\u8f93\uff0c\u4e89\u5148\u6050\u540e\uff0c\u25a1\u25a1\u5408\u5343\u4e07\u4eba\u4e4b\u5fc3\u4e3a\u4e00\u5fc3\u3002\u975e\u5723\u5fb7\u611f\u4eba\u4e4b\u6df1\uff0c\u7109\u80fd\u6210\u529f\u82e5\u662f\u4e4b\u6613\uff1f\u4eca\u8005\uff0c\u8f6e\u5942\u807f\u65b0\uff0c\u8f89\u714c\u91d1\u78a7\uff0c\u4f5c\u5e99\u4e4b\u529f\u4ee5\u7ae3\u77e3\u3002\u795e\u25a1\u25a1\u5e87\u4eba\u4e4b\u5fb7\uff0c\u4eba\u6b32\u4ee5\u7b54\u795e\u4e4b\u529f\u8005\uff0c\u6b63\u672a\u6709\u827e\uff0c\u800c\u5373\u6b64\u5d07\u5fb7\u62a5\u529f\uff0c\u6b23\u6b22\u611f\u6234\u4e4b\u610f\uff0c\u4e0d\u53ef\u65e0\u8a00\u4ee5\u5fd7\u4e4b\uff0c\u7230\u4e3e\u5176\u4fee\u5efa\u4e4b\u7531\uff0c\u6350\u9898\u4e4b\u540d\u5217\u8bf8\u7891\u9634\uff0c\u5f01\u6570\u8a00\u4ee5\u5782\u4e0d\u673d\u3002\r\n\u54b8\u4e30\u516b\u5e74\u5c81\u6b21\u620a\u5348\u5b63\u51ac\u5409\u7acb\u3002\r\n"}}, {"pk": 1, "model": "auth.permission", "fields": {"codename": "add_logentry", "name": "Can add log entry", "content_type": 1}}, {"pk": 2, "model": "auth.permission", "fields": {"codename": "change_logentry", "name": "Can change log entry", "content_type": 1}}, {"pk": 3, "model": "auth.permission", "fields": {"codename": "delete_logentry", "name": "Can delete log entry", "content_type": 1}}, {"pk": 4, "model": "auth.permission", "fields": {"codename": "add_permission", "name": "Can add permission", "content_type": 2}}, {"pk": 5, "model": "auth.permission", "fields": {"codename": "change_permission", "name": "Can change permission", "content_type": 2}}, {"pk": 6, "model": "auth.permission", "fields": {"codename": "delete_permission", "name": "Can delete permission", "content_type": 2}}, {"pk": 7, "model": "auth.permission", "fields": {"codename": "add_group", "name": "Can add group", "content_type": 3}}, {"pk": 8, "model": "auth.permission", "fields": {"codename": "change_group", "name": "Can change group", "content_type": 3}}, {"pk": 9, "model": "auth.permission", "fields": {"codename": "delete_group", "name": "Can delete group", "content_type": 3}}, {"pk": 10, "model": "auth.permission", "fields": {"codename": "add_user", "name": "Can add user", "content_type": 4}}, {"pk": 11, "model": "auth.permission", "fields": {"codename": "change_user", "name": "Can change user", "content_type": 4}}, {"pk": 12, "model": "auth.permission", "fields": {"codename": "delete_user", "name": "Can delete user", "content_type": 4}}, {"pk": 13, "model": "auth.permission", "fields": {"codename": "add_contenttype", "name": "Can add content type", "content_type": 5}}, {"pk": 14, "model": "auth.permission", "fields": {"codename": "change_contenttype", "name": "Can change content type", "content_type": 5}}, {"pk": 15, "model": "auth.permission", "fields": {"codename": "delete_contenttype", "name": "Can delete content type", "content_type": 5}}, {"pk": 16, "model": "auth.permission", "fields": {"codename": "add_session", "name": "Can add session", "content_type": 6}}, {"pk": 17, "model": "auth.permission", "fields": {"codename": "change_session", "name": "Can change session", "content_type": 6}}, {"pk": 18, "model": "auth.permission", "fields": {"codename": "delete_session", "name": "Can delete session", "content_type": 6}}, {"pk": 19, "model": "auth.permission", "fields": {"codename": "add_location", "name": "Can add location", "content_type": 7}}, {"pk": 20, "model": "auth.permission", "fields": {"codename": "change_location", "name": "Can change location", "content_type": 7}}, {"pk": 21, "model": "auth.permission", "fields": {"codename": "delete_location", "name": "Can delete location", "content_type": 7}}, {"pk": 22, "model": "auth.permission", "fields": {"codename": "add_sublocation", "name": "Can add sub location", "content_type": 8}}, {"pk": 23, "model": "auth.permission", "fields": {"codename": "change_sublocation", "name": "Can change sub location", "content_type": 8}}, {"pk": 24, "model": "auth.permission", "fields": {"codename": "delete_sublocation", "name": "Can delete sub location", "content_type": 8}}, {"pk": 25, "model": "auth.permission", "fields": {"codename": "add_inscription", "name": "Can add inscription", "content_type": 9}}, {"pk": 26, "model": "auth.permission", "fields": {"codename": "change_inscription", "name": "Can change inscription", "content_type": 9}}, {"pk": 27, "model": "auth.permission", "fields": {"codename": "delete_inscription", "name": "Can delete inscription", "content_type": 9}}, {"pk": 28, "model": "auth.permission", "fields": {"codename": "add_photo", "name": "Can add photo", "content_type": 10}}, {"pk": 29, "model": "auth.permission", "fields": {"codename": "change_photo", "name": "Can change photo", "content_type": 10}}, {"pk": 30, "model": "auth.permission", "fields": {"codename": "delete_photo", "name": "Can delete photo", "content_type": 10}}, {"pk": 31, "model": "auth.permission", "fields": {"codename": "add_area", "name": "Can add area", "content_type": 11}}, {"pk": 32, "model": "auth.permission", "fields": {"codename": "change_area", "name": "Can change area", "content_type": 11}}, {"pk": 33, "model": "auth.permission", "fields": {"codename": "delete_area", "name": "Can delete area", "content_type": 11}}, {"pk": 1, "model": "auth.group", "fields": {"name": "inscription", "permissions": [22, 23, 24, 31, 32, 33, 25, 26, 27, 19, 20, 21, 28, 29, 30]}}, {"pk": 1, "model": "auth.user", "fields": {"username": "adli", "first_name": "", "last_name": "", "is_active": true, "is_superuser": true, "is_staff": true, "last_login": "2014-01-05T06:05:19.249Z", "groups": [], "user_permissions": [], "password": "pbkdf2_sha256$12000$PfLWvvT0afU2$pGBU5/4bCOz1NYwO03xUTVNlo05gE9wTHBHqJnc0V5E=", "email": "lxdiyun@gmail.com", "date_joined": "2013-12-01T06:58:16.200Z"}}, {"pk": 2, "model": "auth.user", "fields": {"username": "cjs", "first_name": "", "last_name": "", "is_active": true, "is_superuser": false, "is_staff": true, "last_login": "2013-12-26T07:39:14.788Z", "groups": [1], "user_permissions": [], "password": "pbkdf2_sha256$12000$kEtvunPNRGeU$61LyNpi2Rr1Z5agYGR3jBDcrL6Jwna/EumXABnRMdXE=", "email": "", "date_joined": "2013-12-02T11:16:39Z"}}, {"pk": 1, "model": "admin.logentry", "fields": {"action_flag": 1, "action_time": "2013-12-01T08:21:23.510Z", "object_repr": "\u4e2d\u56fd\u5e7f\u4e1c\u7701\u6c55\u5934\u5e02\u91d1\u5e73\u533a\u8dc3\u8fdb\u8def33\u53f7 \u90ae\u653f\u7f16\u7801: 515031", "object_id": "1", "change_message": "", "user": 1, "content_type": 7}}, {"pk": 2, "model": "admin.logentry", "fields": {"action_flag": 1, "action_time": "2013-12-01T08:21:47.813Z", "object_repr": "SubLocation object", "object_id": "1", "change_message": "", "user": 1, "content_type": 8}}, {"pk": 3, "model": "admin.logentry", "fields": {"action_flag": 1, "action_time": "2013-12-02T11:16:39.141Z", "object_repr": "cjs", "object_id": "2", "change_message": "", "user": 1, "content_type": 4}}, {"pk": 4, "model": "admin.logentry", "fields": {"action_flag": 2, "action_time": "2013-12-02T11:17:16.034Z", "object_repr": "cjs", "object_id": "2", "change_message": "\u5df2\u4fee\u6539 is_staff \u3002", "user": 1, "content_type": 4}}, {"pk": 5, "model": "admin.logentry", "fields": {"action_flag": 1, "action_time": "2013-12-02T11:17:40.895Z", "object_repr": "inscription", "object_id": "1", "change_message": "", "user": 1, "content_type": 3}}, {"pk": 6, "model": "admin.logentry", "fields": {"action_flag": 2, "action_time": "2013-12-02T11:17:52.774Z", "object_repr": "cjs", "object_id": "2", "change_message": "\u5df2\u4fee\u6539 groups \u3002", "user": 1, "content_type": 4}}, {"pk": 7, "model": "admin.logentry", "fields": {"action_flag": 1, "action_time": "2013-12-02T11:24:28.121Z", "object_repr": "\u4e2d\u56fd\u5e7f\u4e1c\u7701\u6c55\u5934\u5e02\u91d1\u5e73\u533a\u5174\u4e1a\u8def4\u53f7 \u90ae\u653f\u7f16\u7801: 515041", "object_id": "2", "change_message": "", "user": 2, "content_type": 7}}, {"pk": 8, "model": "admin.logentry", "fields": {"action_flag": 1, "action_time": "2013-12-02T11:25:06.450Z", "object_repr": "\u4e2d\u56fd\u5e7f\u4e1c\u7701\u6c55\u5934\u5e02\u9f99\u6e56\u533a\u7ec3\u6c5f\u8def14\u53f7 \u90ae\u653f\u7f16\u7801: 515041", "object_id": "3", "change_message": "", "user": 2, "content_type": 7}}, {"pk": 9, "model": "admin.logentry", "fields": {"action_flag": 2, "action_time": "2013-12-02T11:29:43.203Z", "object_repr": "\u4e2d\u56fd\u5e7f\u4e1c\u7701\u6c55\u5934\u5e02\u6fe0\u6c5f\u533a\u6d77\u65c1\u8def4\u53f7", "object_id": "2", "change_message": "\u5df2\u4fee\u6539 address\uff0clongitude\uff0clatitude \u548c in_geom \u3002", "user": 2, "content_type": 7}}, {"pk": 10, "model": "admin.logentry", "fields": {"action_flag": 1, "action_time": "2013-12-02T11:35:46.257Z", "object_repr": "Inscription object", "object_id": "1", "change_message": "", "user": 2, "content_type": 9}}, {"pk": 11, "model": "admin.logentry", "fields": {"action_flag": 2, "action_time": "2013-12-02T15:33:09.930Z", "object_repr": "1", "object_id": "2", "change_message": "\u5df2\u4fee\u6539 description \u3002", "user": 2, "content_type": 7}}, {"pk": 12, "model": "admin.logentry", "fields": {"action_flag": 2, "action_time": "2013-12-02T15:33:29.172Z", "object_repr": "456", "object_id": "1", "change_message": "\u5df2\u4fee\u6539 description \u3002", "user": 2, "content_type": 8}}, {"pk": 13, "model": "admin.logentry", "fields": {"action_flag": 2, "action_time": "2013-12-02T15:33:43.159Z", "object_repr": "123", "object_id": "1", "change_message": "\u5df2\u4fee\u6539 description \u3002", "user": 2, "content_type": 9}}, {"pk": 14, "model": "admin.logentry", "fields": {"action_flag": 2, "action_time": "2013-12-02T15:44:50.549Z", "object_repr": "\u7910\u77f3\u57fa\u7763\u6559\u5802", "object_id": "2", "change_message": "\u5df2\u4fee\u6539 name \u548c description \u3002", "user": 2, "content_type": 7}}, {"pk": 15, "model": "admin.logentry", "fields": {"action_flag": 1, "action_time": "2013-12-02T15:45:17.849Z", "object_repr": "\u5148\u8d24\u56ed", "object_id": "2", "change_message": "", "user": 2, "content_type": 8}}, {"pk": 16, "model": "admin.logentry", "fields": {"action_flag": 1, "action_time": "2013-12-02T15:45:40.731Z", "object_repr": "\u5148\u8d24\u56ed\u4e00\u53f7\u7891", "object_id": "2", "change_message": "", "user": 2, "content_type": 9}}, {"pk": 17, "model": "admin.logentry", "fields": {"action_flag": 1, "action_time": "2013-12-02T15:46:05.562Z", "object_repr": "\u5148\u8d24\u56ed\u4e8c\u53f7\u7891", "object_id": "3", "change_message": "", "user": 2, "content_type": 9}}, {"pk": 18, "model": "admin.logentry", "fields": {"action_flag": 2, "action_time": "2013-12-02T15:46:19.689Z", "object_repr": "\u5148\u8d24\u56ed", "object_id": "2", "change_message": "\u5df2\u4fee\u6539 description \u3002", "user": 2, "content_type": 8}}, {"pk": 19, "model": "admin.logentry", "fields": {"action_flag": 2, "action_time": "2013-12-02T15:46:56.010Z", "object_repr": "\u5148\u8d24\u56ed\u4e8c\u53f7\u7891", "object_id": "3", "change_message": "\u5df2\u4fee\u6539 description \u3002", "user": 2, "content_type": 9}}, {"pk": 20, "model": "admin.logentry", "fields": {"action_flag": 1, "action_time": "2013-12-02T15:47:16.156Z", "object_repr": "\u5148\u8d24\u56ed\u4e09\u53f7\u7891", "object_id": "4", "change_message": "", "user": 2, "content_type": 9}}, {"pk": 21, "model": "admin.logentry", "fields": {"action_flag": 1, "action_time": "2013-12-02T15:47:43.502Z", "object_repr": "\u5148\u8d24\u56ed\u56db\u53f7\u7891", "object_id": "5", "change_message": "", "user": 2, "content_type": 9}}, {"pk": 22, "model": "admin.logentry", "fields": {"action_flag": 1, "action_time": "2013-12-02T15:48:00.597Z", "object_repr": "\u5148\u8d24\u56ed\u4e94\u53f7\u7891", "object_id": "6", "change_message": "", "user": 2, "content_type": 9}}, {"pk": 23, "model": "admin.logentry", "fields": {"action_flag": 1, "action_time": "2013-12-02T15:48:18.041Z", "object_repr": "\u5148\u8d24\u56ed\u516d\u53f7\u7891", "object_id": "7", "change_message": "", "user": 2, "content_type": 9}}, {"pk": 24, "model": "admin.logentry", "fields": {"action_flag": 1, "action_time": "2013-12-02T15:48:44.649Z", "object_repr": "\u5148\u8d24\u56ed\u4e03\u53f7\u7891", "object_id": "8", "change_message": "", "user": 2, "content_type": 9}}, {"pk": 25, "model": "admin.logentry", "fields": {"action_flag": 1, "action_time": "2013-12-02T15:48:58.815Z", "object_repr": "\u5148\u8d24\u56ed\u516b\u53f7\u7891", "object_id": "9", "change_message": "", "user": 2, "content_type": 9}}, {"pk": 26, "model": "admin.logentry", "fields": {"action_flag": 1, "action_time": "2013-12-02T15:49:14.549Z", "object_repr": "\u5148\u8d24\u56ed\u4e5d\u53f7\u7891", "object_id": "10", "change_message": "", "user": 2, "content_type": 9}}, {"pk": 27, "model": "admin.logentry", "fields": {"action_flag": 1, "action_time": "2013-12-02T15:49:27.831Z", "object_repr": "\u5148\u8d24\u56ed\u5341\u53f7\u7891", "object_id": "11", "change_message": "", "user": 2, "content_type": 9}}, {"pk": 28, "model": "admin.logentry", "fields": {"action_flag": 1, "action_time": "2013-12-02T15:49:47.552Z", "object_repr": "\u5148\u8d24\u56ed\u5341\u4e00\u53f7\u7891", "object_id": "12", "change_message": "", "user": 2, "content_type": 9}}, {"pk": 29, "model": "admin.logentry", "fields": {"action_flag": 1, "action_time": "2013-12-02T15:50:20.973Z", "object_repr": "\u6559\u5802\u5efa\u5802\u57fa\u77f3\u7891\u94ed", "object_id": "3", "change_message": "", "user": 2, "content_type": 8}}, {"pk": 30, "model": "admin.logentry", "fields": {"action_flag": 1, "action_time": "2013-12-02T15:50:36.844Z", "object_repr": "\u7910\u77f3\u5802\u4e3e\u884c\u5929\u6069\u5b89\u8001\u9662", "object_id": "4", "change_message": "", "user": 2, "content_type": 8}}, {"pk": 31, "model": "admin.logentry", "fields": {"action_flag": 2, "action_time": "2013-12-02T15:50:45.294Z", "object_repr": "\u6559\u5802\u5efa\u5802\u57fa\u77f3\u7891\u94ed", "object_id": "3", "change_message": "\u5df2\u4fee\u6539 description \u3002", "user": 2, "content_type": 8}}, {"pk": 32, "model": "admin.logentry", "fields": {"action_flag": 1, "action_time": "2013-12-02T15:51:09.702Z", "object_repr": "\u6559\u5802\u5916\u5899\u53f3\u4fa7\u5efa\u5802\u7891\u6587", "object_id": "13", "change_message": "", "user": 2, "content_type": 9}}, {"pk": 33, "model": "admin.logentry", "fields": {"action_flag": 1, "action_time": "2013-12-02T15:51:43.998Z", "object_repr": "\u7891\u6587", "object_id": "14", "change_message": "", "user": 2, "content_type": 9}}, {"pk": 34, "model": "admin.logentry", "fields": {"action_flag": 2, "action_time": "2013-12-02T15:52:11.568Z", "object_repr": "\u77f3\u533e", "object_id": "14", "change_message": "\u5df2\u4fee\u6539 name \u3002", "user": 2, "content_type": 9}}, {"pk": 35, "model": "admin.logentry", "fields": {"action_flag": 2, "action_time": "2013-12-02T15:53:50.029Z", "object_repr": "\u7910\u77f3\u5802\u6559\u5802\u5929\u6069\u5b89\u8001\u9662", "object_id": "4", "change_message": "\u5df2\u4fee\u6539 name \u3002", "user": 2, "content_type": 8}}, {"pk": 36, "model": "admin.logentry", "fields": {"action_flag": 2, "action_time": "2013-12-02T16:02:37.001Z", "object_repr": "\u7910\u77f3\u57fa\u7763\u6559\u5802", "object_id": "2", "change_message": "\u5df2\u4fee\u6539 address \u3002", "user": 2, "content_type": 7}}, {"pk": 37, "model": "admin.logentry", "fields": {"action_flag": 2, "action_time": "2013-12-02T16:02:55.676Z", "object_repr": "\u7910\u77f3\u57fa\u7763\u6559\u5802", "object_id": "2", "change_message": "\u6ca1\u6709\u5b57\u6bb5\u88ab\u4fee\u6539\u3002", "user": 2, "content_type": 7}}, {"pk": 38, "model": "admin.logentry", "fields": {"action_flag": 2, "action_time": "2013-12-02T16:10:30.201Z", "object_repr": "\u7910\u77f3\u57fa\u7763\u6559\u5802", "object_id": "2", "change_message": "\u5df2\u4fee\u6539 address\uff0clongitude\uff0clatitude \u548c in_geom \u3002", "user": 2, "content_type": 7}}, {"pk": 39, "model": "admin.logentry", "fields": {"action_flag": 2, "action_time": "2013-12-02T16:12:19.312Z", "object_repr": "\u7910\u77f3\u57fa\u7763\u6559\u5802", "object_id": "2", "change_message": "\u6ca1\u6709\u5b57\u6bb5\u88ab\u4fee\u6539\u3002", "user": 2, "content_type": 7}}, {"pk": 40, "model": "admin.logentry", "fields": {"action_flag": 2, "action_time": "2013-12-02T16:12:55.331Z", "object_repr": "\u7910\u77f3\u57fa\u7763\u6559\u5802", "object_id": "2", "change_message": "\u5df2\u4fee\u6539 address\uff0clongitude\uff0clatitude \u548c in_geom \u3002", "user": 2, "content_type": 7}}, {"pk": 41, "model": "admin.logentry", "fields": {"action_flag": 2, "action_time": "2013-12-02T16:13:11.123Z", "object_repr": "\u7910\u77f3\u57fa\u7763\u6559\u5802", "object_id": "2", "change_message": "\u5df2\u4fee\u6539 address\uff0clongitude\uff0clatitude \u548c in_geom \u3002", "user": 2, "content_type": 7}}, {"pk": 42, "model": "admin.logentry", "fields": {"action_flag": 2, "action_time": "2013-12-02T16:13:35.032Z", "object_repr": "\u7910\u77f3\u57fa\u7763\u6559\u5802", "object_id": "2", "change_message": "\u5df2\u4fee\u6539 address\uff0clongitude\uff0clatitude \u548c in_geom \u3002", "user": 2, "content_type": 7}}, {"pk": 43, "model": "admin.logentry", "fields": {"action_flag": 2, "action_time": "2013-12-02T16:17:20.072Z", "object_repr": "\u7910\u77f3\u57fa\u7763\u6559\u5802", "object_id": "2", "change_message": "\u5df2\u4fee\u6539 address \u3002", "user": 2, "content_type": 7}}, {"pk": 44, "model": "admin.logentry", "fields": {"action_flag": 2, "action_time": "2013-12-07T12:48:33.982Z", "object_repr": "\u7910\u77f3\u57fa\u7763\u6559\u5802", "object_id": "2", "change_message": "\u5df2\u4fee\u6539 area \u3002", "user": 1, "content_type": 7}}, {"pk": 45, "model": "admin.logentry", "fields": {"action_flag": 2, "action_time": "2013-12-12T09:10:37.602Z", "object_repr": "\u5148\u8d24\u56ed\u4e8c\u53f7\u7891", "object_id": "3", "change_message": "\u5df2\u6dfb\u52a0 photo \"CRBAINED \". \u5df2\u6dfb\u52a0 photo \"WHICH\". \u5df2\u6dfb\u52a0 photo \"SMITH  \". \u5df2\u6dfb\u52a0 photo \"ambassadors \".", "user": 1, "content_type": 10}}, {"pk": 46, "model": "admin.logentry", "fields": {"action_flag": 2, "action_time": "2013-12-12T09:15:41.906Z", "object_repr": "\u5148\u8d24\u56ed\u4e8c\u53f7\u7891", "object_id": "3", "change_message": "\u5df2\u6dfb\u52a0 photo \"\u5fc3\u6027\u4e0d\u751f\u4f55\u9808\u77e5\u898b \". \u5df2\u6dfb\u52a0 photo \"\u5929\u7a7a\u90e8\u843d\u6240\u63d0\u4f9b\". \u5df2\u6dfb\u52a0 photo \"\u53f0\u5357\u935a\u5b89\u6559\u6703\". \u5df2\u6dfb\u52a0 photo \"\u85e5\u91cf\u8a18\u8f09\".", "user": 1, "content_type": 10}}, {"pk": 47, "model": "admin.logentry", "fields": {"action_flag": 1, "action_time": "2013-12-12T11:12:12.309Z", "object_repr": "\u5c0f\u516c\u56ed", "object_id": "4", "change_message": "", "user": 1, "content_type": 7}}, {"pk": 48, "model": "admin.logentry", "fields": {"action_flag": 2, "action_time": "2013-12-12T11:20:40.550Z", "object_repr": "\u603b\u89c8", "object_id": "1", "change_message": "\u5df2\u4fee\u6539 name \u548c description \u3002", "user": 1, "content_type": 7}}, {"pk": 49, "model": "admin.logentry", "fields": {"action_flag": 1, "action_time": "2013-12-12T11:20:58.016Z", "object_repr": "\u4e2d\u5c71\u516c\u56ed", "object_id": "5", "change_message": "", "user": 1, "content_type": 7}}, {"pk": 50, "model": "admin.logentry", "fields": {"action_flag": 2, "action_time": "2013-12-12T11:21:15.008Z", "object_repr": "123", "object_id": "1", "change_message": "\u5df2\u4fee\u6539 area \u3002", "user": 1, "content_type": 8}}, {"pk": 51, "model": "admin.logentry", "fields": {"action_flag": 2, "action_time": "2013-12-12T11:21:33.663Z", "object_repr": "2", "object_id": "3", "change_message": "\u5df2\u4fee\u6539 area \u3002", "user": 1, "content_type": 8}}, {"pk": 52, "model": "admin.logentry", "fields": {"action_flag": 2, "action_time": "2013-12-14T13:58:16.216Z", "object_repr": "\u6c55\u5934\u5e02", "object_id": "1", "change_message": "\u5df2\u4fee\u6539 name \u3002", "user": 1, "content_type": 7}}, {"pk": 53, "model": "admin.logentry", "fields": {"action_flag": 2, "action_time": "2013-12-21T13:14:30.992Z", "object_repr": "\u4e2d\u5c71\u516c\u56ed", "object_id": "5", "change_message": "\u5df2\u4fee\u6539 cover \u3002", "user": 1, "content_type": 8}}, {"pk": 54, "model": "admin.logentry", "fields": {"action_flag": 2, "action_time": "2013-12-21T13:21:20.030Z", "object_repr": "\u4e2d\u5c71\u516c\u56ed", "object_id": "5", "change_message": "\u5df2\u4fee\u6539 cover \u3002", "user": 1, "content_type": 8}}, {"pk": 55, "model": "admin.logentry", "fields": {"action_flag": 2, "action_time": "2013-12-21T13:22:04.874Z", "object_repr": "\u4e2d\u5c71\u516c\u56ed", "object_id": "5", "change_message": "\u5df2\u4fee\u6539 cover \u3002", "user": 1, "content_type": 8}}, {"pk": 56, "model": "admin.logentry", "fields": {"action_flag": 2, "action_time": "2013-12-21T13:22:13.281Z", "object_repr": "\u5c0f\u516c\u56ed", "object_id": "4", "change_message": "\u5df2\u4fee\u6539 cover \u3002", "user": 1, "content_type": 8}}, {"pk": 57, "model": "admin.logentry", "fields": {"action_flag": 2, "action_time": "2013-12-21T13:22:26.390Z", "object_repr": "\u5988\u5c7f\u5c9b", "object_id": "3", "change_message": "\u5df2\u4fee\u6539 cover \u3002", "user": 1, "content_type": 8}}, {"pk": 58, "model": "admin.logentry", "fields": {"action_flag": 2, "action_time": "2013-12-21T13:22:35.267Z", "object_repr": "\u7910\u77f3", "object_id": "2", "change_message": "\u5df2\u4fee\u6539 cover \u3002", "user": 1, "content_type": 8}}, {"pk": 59, "model": "admin.logentry", "fields": {"action_flag": 2, "action_time": "2013-12-21T13:57:43.984Z", "object_repr": "\u5c0f\u516c\u56ed", "object_id": "4", "change_message": "\u5df2\u4fee\u6539 description \u548c cover \u3002", "user": 1, "content_type": 8}}, {"pk": 60, "model": "admin.logentry", "fields": {"action_flag": 2, "action_time": "2013-12-21T13:59:18.354Z", "object_repr": "\u5c0f\u516c\u56ed", "object_id": "4", "change_message": "\u5df2\u4fee\u6539 cover \u3002", "user": 1, "content_type": 8}}, {"pk": 61, "model": "admin.logentry", "fields": {"action_flag": 2, "action_time": "2013-12-21T14:01:26.270Z", "object_repr": "\u5988\u5c7f\u5c9b", "object_id": "3", "change_message": "\u5df2\u4fee\u6539 description \u548c cover \u3002", "user": 1, "content_type": 8}}, {"pk": 62, "model": "admin.logentry", "fields": {"action_flag": 2, "action_time": "2013-12-21T14:03:28.466Z", "object_repr": "\u7910\u77f3", "object_id": "2", "change_message": "\u5df2\u4fee\u6539 cover \u3002", "user": 1, "content_type": 8}}, {"pk": 63, "model": "admin.logentry", "fields": {"action_flag": 2, "action_time": "2013-12-21T14:05:27.360Z", "object_repr": "\u4e2d\u5c71\u516c\u56ed", "object_id": "5", "change_message": "\u5df2\u4fee\u6539 description \u548c cover \u3002", "user": 1, "content_type": 8}}, {"pk": 64, "model": "admin.logentry", "fields": {"action_flag": 2, "action_time": "2013-12-22T08:28:53.901Z", "object_repr": "\u5148\u8d24\u56ed\u4e8c\u53f7\u7891", "object_id": "3", "change_message": "\u5df2\u6dfb\u52a0 photo \"\u6fd5\u5ea6\u9ad8\". \u5df2\u6dfb\u52a0 photo \"\u5174\u5316\u5206\u518c\". \u5df2\u6dfb\u52a0 photo \"\u660e\u6e05\u65f6\u671f\u798f\u5efa\u6cc9\u5dde\u4e61\u7ea6\u7684\u5730\u57df\u5316\". \u5df2\u6dfb\u52a0 photo \"\u5728\u4f4d\u4e8e\u7f8e\u56fd\u5f97\u514b\u8428\u65af\u5dde\u7ef4\u853b\u5e02\u7684\u8d1d\u52d2\u5927\u5b66\u5b97\u6559\u7814\u7a76\u6240\". \u5df2\u6dfb\u52a0 photo \"\u5468\u661f\u8b6f\". \u5df2\u6dfb\u52a0 photo \"\u6210\u5927\u4e8b\u8005\". \u5df2\u6dfb\u52a0 photo \"\u79d1\u5b66\u51fa\u7248\u793e\". \u5df2\u6dfb\u52a0 photo \"\u795e\u8e5f\u5931\u8003\".", "user": 1, "content_type": 11}}, {"pk": 65, "model": "admin.logentry", "fields": {"action_flag": 2, "action_time": "2013-12-26T03:36:49.784Z", "object_repr": "inscription", "object_id": "1", "change_message": "\u5df2\u4fee\u6539 permissions \u3002", "user": 1, "content_type": 3}}, {"pk": 66, "model": "admin.logentry", "fields": {"action_flag": 2, "action_time": "2013-12-26T07:42:10.804Z", "object_repr": "\u5988\u5c7f\u5c9b", "object_id": "3", "change_message": "\u5df2\u4fee\u6539 cover \u3002", "user": 2, "content_type": 8}}, {"pk": 67, "model": "admin.logentry", "fields": {"action_flag": 1, "action_time": "2013-12-26T07:44:24.842Z", "object_repr": "\u5988\u5c7f\u5c9b", "object_id": "6", "change_message": "", "user": 2, "content_type": 8}}, {"pk": 68, "model": "admin.logentry", "fields": {"action_flag": 2, "action_time": "2013-12-26T08:20:56.360Z", "object_repr": "\u77f3\u533e", "object_id": "14", "change_message": "\u5df2\u6dfb\u52a0 photo \"\u8036\u58eb\u6469\u5929\u9053\u5b66\u5802\".", "user": 2, "content_type": 11}}, {"pk": 69, "model": "admin.logentry", "fields": {"action_flag": 2, "action_time": "2013-12-26T08:22:10.126Z", "object_repr": "\u5148\u8d24\u56ed\u4e00\u53f7\u7891", "object_id": "2", "change_message": "\u5df2\u6dfb\u52a0 photo \"\u5148\u8d24\u56ed\u4e00\u53f7\u7891\".", "user": 2, "content_type": 11}}, {"pk": 70, "model": "admin.logentry", "fields": {"action_flag": 2, "action_time": "2013-12-26T08:28:38.508Z", "object_repr": "\u5148\u8d24\u56ed\u5341\u4e00\u53f7\u7891", "object_id": "12", "change_message": "\u5df2\u6dfb\u52a0 photo \"\u5148\u8d24\u56ed\u5341\u4e00\u53f7\u7891\".", "user": 2, "content_type": 11}}, {"pk": 71, "model": "admin.logentry", "fields": {"action_flag": 2, "action_time": "2013-12-26T08:32:28.912Z", "object_repr": "\u6559\u5802\u5916\u5899\u53f3\u4fa7\u5efa\u5802\u7891\u6587", "object_id": "13", "change_message": "\u5df2\u6dfb\u52a0 photo \"\u89d2\u77f3\u57fa\u7763\u6559\u5802\u5916\u666f\". \u5df2\u6dfb\u52a0 photo \"\uff0c\u5efa\u4e8e1930\u5e74\uff0c\u4ee5\u77f3\u4e3a\u5efa\u6750\u7684\u57fa\u7763\u6559\u7910\u77f3\u5802\". \u5df2\u6dfb\u52a0 photo \"\u89d2\u77f3\u57fa\u7763\u6559\u5802\".", "user": 2, "content_type": 11}}, {"pk": 72, "model": "admin.logentry", "fields": {"action_flag": 2, "action_time": "2013-12-26T08:46:33.445Z", "object_repr": "\u5148\u8d24\u56ed\u4e8c\u53f7\u7891", "object_id": "3", "change_message": "\u5df2\u53d8\u66f4 name \u548c description for photo \"\u5148\u8d24\u56ed\u4e8c\u53f7\u7891\". \u5df2\u53d8\u66f4 name \u548c description for photo \"\u5148\u8d24\u56ed\u4e8c\u53f7\u7891\". \u5df2\u53d8\u66f4 name \u548c description for photo \"\u5148\u8d24\u56ed\u4e8c\u53f7\u7891\". \u5df2\u53d8\u66f4 name \u548c description for photo \"\u5148\u8d24\u56ed\u4e8c\u53f7\u7891\". \u5df2\u53d8\u66f4 name\uff0cimage \u548c description for photo \"\u5148\u8d24\u56ed\u4e8c\u53f7\u7891\". \u5df2\u53d8\u66f4 name\uff0cimage \u548c description for photo \"\u5148\u8d24\u56ed\u4e8c\u53f7\u7891\". \u5df2\u53d8\u66f4 name\uff0cimage \u548c description for photo \"\u5148\u8d24\u56ed\u4e8c\u53f7\u7891\". \u5df2\u53d8\u66f4 name\uff0cimage \u548c description for photo \"\u5148\u8d24\u56ed\u4e8c\u53f7\u7891\".", "user": 2, "content_type": 11}}, {"pk": 73, "model": "admin.logentry", "fields": {"action_flag": 2, "action_time": "2013-12-26T08:51:21.457Z", "object_repr": "\u5148\u8d24\u56ed\u4e8c\u53f7\u7891", "object_id": "3", "change_message": "\u5df2\u53d8\u66f4 image for photo \"\u5148\u8d24\u56ed\u4e8c\u53f7\u7891\". \u5df2\u53d8\u66f4 image for photo \"\u5148\u8d24\u56ed\u4e8c\u53f7\u7891\". \u5df2\u53d8\u66f4 image for photo \"\u5148\u8d24\u56ed\u4e8c\u53f7\u7891\". \u5df2\u53d8\u66f4 image for photo \"\u5148\u8d24\u56ed\u4e8c\u53f7\u7891\".", "user": 2, "content_type": 11}}, {"pk": 74, "model": "admin.logentry", "fields": {"action_flag": 2, "action_time": "2013-12-26T08:51:39.939Z", "object_repr": "\u77f3\u533e", "object_id": "14", "change_message": "\u5df2\u6dfb\u52a0 photo \"\u8036\u58eb\u6469\u5929\u9053\u5b66\u5802\".", "user": 2, "content_type": 11}}, {"pk": 75, "model": "admin.logentry", "fields": {"action_flag": 2, "action_time": "2013-12-26T08:56:10.208Z", "object_repr": "\u77f3\u533e", "object_id": "14", "change_message": "\u5df2\u6dfb\u52a0 photo \"\u5929\u6069\u5b89\u8001\u9662\u5916\u666f\".", "user": 2, "content_type": 11}}, {"pk": 76, "model": "admin.logentry", "fields": {"action_flag": 2, "action_time": "2013-12-26T09:02:31.064Z", "object_repr": "\u5148\u8d24\u56ed\u4e8c\u53f7\u7891", "object_id": "3", "change_message": "\u5df2\u6dfb\u52a0 photo \"\u5148\u8d24\u56ed\u4e8c\u53f7\u7891\u8001\u7167\u7247\".", "user": 2, "content_type": 11}}, {"pk": 77, "model": "admin.logentry", "fields": {"action_flag": 3, "action_time": "2013-12-27T00:53:37.648Z", "object_repr": "\u5988\u5c7f\u5c9b", "object_id": "6", "change_message": "", "user": 2, "content_type": 8}}, {"pk": 78, "model": "admin.logentry", "fields": {"action_flag": 2, "action_time": "2013-12-27T00:56:06.672Z", "object_repr": "123", "object_id": "1", "change_message": "\u5df2\u6dfb\u52a0 photo \"sdfsafdsafsafsafsafsaf\".", "user": 2, "content_type": 11}}, {"pk": 79, "model": "admin.logentry", "fields": {"action_flag": 2, "action_time": "2013-12-27T00:56:25.311Z", "object_repr": "123", "object_id": "1", "change_message": "\u5df2\u6dfb\u52a0 photo \"fsafsaf\".", "user": 2, "content_type": 11}}, {"pk": 80, "model": "admin.logentry", "fields": {"action_flag": 2, "action_time": "2013-12-27T00:56:37.560Z", "object_repr": "123", "object_id": "1", "change_message": "\u5df2\u6dfb\u52a0 photo \"fsafsaf\".", "user": 2, "content_type": 11}}, {"pk": 81, "model": "admin.logentry", "fields": {"action_flag": 1, "action_time": "2013-12-27T01:12:08.467Z", "object_repr": "\u5988\u5c7f\u5988\u5bab", "object_id": "4", "change_message": "", "user": 2, "content_type": 9}}, {"pk": 82, "model": "admin.logentry", "fields": {"action_flag": 1, "action_time": "2013-12-27T01:13:08.746Z", "object_repr": "\u5988\u5c7f\u5988\u5bab", "object_id": "5", "change_message": "", "user": 2, "content_type": 10}}, {"pk": 83, "model": "admin.logentry", "fields": {"action_flag": 1, "action_time": "2013-12-27T01:18:29.151Z", "object_repr": "\u5988\u5c7f\u5988\u5bab", "object_id": "15", "change_message": "", "user": 2, "content_type": 11}}, {"pk": 84, "model": "admin.logentry", "fields": {"action_flag": 2, "action_time": "2013-12-27T01:22:35.815Z", "object_repr": "\u5988\u5c7f\u5988\u5bab\u7891\u65871", "object_id": "15", "change_message": "\u5df2\u4fee\u6539 name \u3002 \u5df2\u6dfb\u52a0 photo \"\u91cd\u5efa\u5988\u5c7f\u5929\u540e\u5bab\u6350\u8d44\u7891\u8bb01\". \u5df2\u6dfb\u52a0 photo \"\u91cd\u5efa\u5988\u5c7f\u5929\u540e\u5bab\u6350\u8d44\u7891\u8bb01\". \u5df2\u6dfb\u52a0 photo \"\u91cd\u5efa\u5988\u5c7f\u5929\u540e\u5bab\u6350\u8d44\u7891\u8bb01\".", "user": 2, "content_type": 11}}, {"pk": 85, "model": "admin.logentry", "fields": {"action_flag": 2, "action_time": "2013-12-27T01:24:44.735Z", "object_repr": "\u5988\u5c7f\u5988\u5bab\u7891\u65871", "object_id": "15", "change_message": "\u6ca1\u6709\u5b57\u6bb5\u88ab\u4fee\u6539\u3002", "user": 2, "content_type": 11}}, {"pk": 86, "model": "admin.logentry", "fields": {"action_flag": 2, "action_time": "2013-12-27T01:50:13.319Z", "object_repr": "\u5988\u5c7f\u5988\u5bab\u7891\u65871", "object_id": "15", "change_message": "\u6ca1\u6709\u5b57\u6bb5\u88ab\u4fee\u6539\u3002", "user": 2, "content_type": 11}}, {"pk": 87, "model": "admin.logentry", "fields": {"action_flag": 2, "action_time": "2014-01-05T06:18:42.644Z", "object_repr": "\u5988\u5c7f\u5c9b", "object_id": "3", "change_message": "\u5df2\u4fee\u6539 cover \u3002", "user": 2, "content_type": 8}}]